<annotation>
	<folder>Cropped</folder>
	<filename>106.jpg</filename>
	<path>C:\Users\billk\Desktop\to_annotate\Cropped\106.jpg</path>
	<source>
		<database>Unknown</database>
	</source>
	<size>
		<width>543</width>
		<height>544</height>
		<depth>3</depth>
	</size>
	<segmented>0</segmented>
	<object>
		<name>1</name>
		<pose>Unspecified</pose>
		<truncated>0</truncated>
		<difficult>0</difficult>
		<bndbox>
			<xmin>169</xmin>
			<ymin>397</ymin>
			<xmax>208</xmax>
			<ymax>470</ymax>
		</bndbox>
	</object>
	<object>
		<name>2</name>
		<pose>Unspecified</pose>
		<truncated>0</truncated>
		<difficult>0</difficult>
		<bndbox>
			<xmin>407</xmin>
			<ymin>279</ymin>
			<xmax>441</xmax>
			<ymax>348</ymax>
		</bndbox>
	</object>
	<object>
		<name>2</name>
		<pose>Unspecified</pose>
		<truncated>0</truncated>
		<difficult>0</difficult>
		<bndbox>
			<xmin>339</xmin>
			<ymin>116</ymin>
			<xmax>397</xmax>
			<ymax>146</ymax>
		</bndbox>
	</object>
</annotation>
