<annotation>
	<folder>Cropped</folder>
	<filename>122.jpg</filename>
	<path>C:\Users\billk\Desktop\to_annotate\Cropped\122.jpg</path>
	<source>
		<database>Unknown</database>
	</source>
	<size>
		<width>826</width>
		<height>826</height>
		<depth>3</depth>
	</size>
	<segmented>0</segmented>
	<object>
		<name>1</name>
		<pose>Unspecified</pose>
		<truncated>0</truncated>
		<difficult>0</difficult>
		<bndbox>
			<xmin>11</xmin>
			<ymin>246</ymin>
			<xmax>47</xmax>
			<ymax>311</ymax>
		</bndbox>
	</object>
	<object>
		<name>1</name>
		<pose>Unspecified</pose>
		<truncated>0</truncated>
		<difficult>0</difficult>
		<bndbox>
			<xmin>491</xmin>
			<ymin>177</ymin>
			<xmax>521</xmax>
			<ymax>259</ymax>
		</bndbox>
	</object>
	<object>
		<name>1</name>
		<pose>Unspecified</pose>
		<truncated>0</truncated>
		<difficult>0</difficult>
		<bndbox>
			<xmin>734</xmin>
			<ymin>355</ymin>
			<xmax>817</xmax>
			<ymax>450</ymax>
		</bndbox>
	</object>
	<object>
		<name>1</name>
		<pose>Unspecified</pose>
		<truncated>0</truncated>
		<difficult>0</difficult>
		<bndbox>
			<xmin>349</xmin>
			<ymin>548</ymin>
			<xmax>442</xmax>
			<ymax>614</ymax>
		</bndbox>
	</object>
	<object>
		<name>2</name>
		<pose>Unspecified</pose>
		<truncated>0</truncated>
		<difficult>0</difficult>
		<bndbox>
			<xmin>413</xmin>
			<ymin>526</ymin>
			<xmax>491</xmax>
			<ymax>573</ymax>
		</bndbox>
	</object>
	<object>
		<name>1</name>
		<pose>Unspecified</pose>
		<truncated>0</truncated>
		<difficult>0</difficult>
		<bndbox>
			<xmin>527</xmin>
			<ymin>273</ymin>
			<xmax>565</xmax>
			<ymax>353</ymax>
		</bndbox>
	</object>
</annotation>
