<annotation>
	<folder>Cropped</folder>
	<filename>133.jpg</filename>
	<path>C:\Users\billk\Desktop\to_annotate\Cropped\133.jpg</path>
	<source>
		<database>Unknown</database>
	</source>
	<size>
		<width>430</width>
		<height>429</height>
		<depth>3</depth>
	</size>
	<segmented>0</segmented>
	<object>
		<name>1</name>
		<pose>Unspecified</pose>
		<truncated>0</truncated>
		<difficult>0</difficult>
		<bndbox>
			<xmin>132</xmin>
			<ymin>30</ymin>
			<xmax>211</xmax>
			<ymax>147</ymax>
		</bndbox>
	</object>
	<object>
		<name>2</name>
		<pose>Unspecified</pose>
		<truncated>0</truncated>
		<difficult>0</difficult>
		<bndbox>
			<xmin>32</xmin>
			<ymin>341</ymin>
			<xmax>74</xmax>
			<ymax>399</ymax>
		</bndbox>
	</object>
	<object>
		<name>1</name>
		<pose>Unspecified</pose>
		<truncated>0</truncated>
		<difficult>0</difficult>
		<bndbox>
			<xmin>202</xmin>
			<ymin>298</ymin>
			<xmax>256</xmax>
			<ymax>373</ymax>
		</bndbox>
	</object>
	<object>
		<name>1</name>
		<pose>Unspecified</pose>
		<truncated>0</truncated>
		<difficult>0</difficult>
		<bndbox>
			<xmin>330</xmin>
			<ymin>288</ymin>
			<xmax>369</xmax>
			<ymax>367</ymax>
		</bndbox>
	</object>
	<object>
		<name>1</name>
		<pose>Unspecified</pose>
		<truncated>0</truncated>
		<difficult>0</difficult>
		<bndbox>
			<xmin>286</xmin>
			<ymin>170</ymin>
			<xmax>317</xmax>
			<ymax>217</ymax>
		</bndbox>
	</object>
</annotation>
