<annotation>
	<folder>Cropped</folder>
	<filename>150.jpg</filename>
	<path>C:\Users\billk\Desktop\to_annotate\Cropped\150.jpg</path>
	<source>
		<database>Unknown</database>
	</source>
	<size>
		<width>365</width>
		<height>365</height>
		<depth>3</depth>
	</size>
	<segmented>0</segmented>
	<object>
		<name>1</name>
		<pose>Unspecified</pose>
		<truncated>0</truncated>
		<difficult>0</difficult>
		<bndbox>
			<xmin>11</xmin>
			<ymin>89</ymin>
			<xmax>94</xmax>
			<ymax>126</ymax>
		</bndbox>
	</object>
	<object>
		<name>1</name>
		<pose>Unspecified</pose>
		<truncated>0</truncated>
		<difficult>0</difficult>
		<bndbox>
			<xmin>224</xmin>
			<ymin>200</ymin>
			<xmax>292</xmax>
			<ymax>237</ymax>
		</bndbox>
	</object>
	<object>
		<name>1</name>
		<pose>Unspecified</pose>
		<truncated>0</truncated>
		<difficult>0</difficult>
		<bndbox>
			<xmin>225</xmin>
			<ymin>282</ymin>
			<xmax>296</xmax>
			<ymax>309</ymax>
		</bndbox>
	</object>
	<object>
		<name>2</name>
		<pose>Unspecified</pose>
		<truncated>0</truncated>
		<difficult>0</difficult>
		<bndbox>
			<xmin>94</xmin>
			<ymin>293</ymin>
			<xmax>151</xmax>
			<ymax>333</ymax>
		</bndbox>
	</object>
	<object>
		<name>2</name>
		<pose>Unspecified</pose>
		<truncated>0</truncated>
		<difficult>0</difficult>
		<bndbox>
			<xmin>7</xmin>
			<ymin>34</ymin>
			<xmax>74</xmax>
			<ymax>78</ymax>
		</bndbox>
	</object>
</annotation>
