<annotation>
	<folder>Cropped</folder>
	<filename>157.jpg</filename>
	<path>C:\Users\billk\Desktop\to_annotate\Cropped\157.jpg</path>
	<source>
		<database>Unknown</database>
	</source>
	<size>
		<width>470</width>
		<height>470</height>
		<depth>3</depth>
	</size>
	<segmented>0</segmented>
	<object>
		<name>1</name>
		<pose>Unspecified</pose>
		<truncated>0</truncated>
		<difficult>0</difficult>
		<bndbox>
			<xmin>85</xmin>
			<ymin>187</ymin>
			<xmax>215</xmax>
			<ymax>233</ymax>
		</bndbox>
	</object>
	<object>
		<name>1</name>
		<pose>Unspecified</pose>
		<truncated>0</truncated>
		<difficult>0</difficult>
		<bndbox>
			<xmin>333</xmin>
			<ymin>100</ymin>
			<xmax>382</xmax>
			<ymax>132</ymax>
		</bndbox>
	</object>
</annotation>
