<annotation>
	<folder>10x</folder>
	<filename>17b.jpg</filename>
	<path>C:\Users\billk\Desktop\to_annotate\10x\17b.jpg</path>
	<source>
		<database>Unknown</database>
	</source>
	<size>
		<width>100</width>
		<height>99</height>
		<depth>3</depth>
	</size>
	<segmented>0</segmented>
	<object>
		<name>3</name>
		<pose>Unspecified</pose>
		<truncated>1</truncated>
		<difficult>0</difficult>
		<bndbox>
			<xmin>52</xmin>
			<ymin>66</ymin>
			<xmax>100</xmax>
			<ymax>80</ymax>
		</bndbox>
	</object>
	<object>
		<name>3</name>
		<pose>Unspecified</pose>
		<truncated>0</truncated>
		<difficult>0</difficult>
		<bndbox>
			<xmin>59</xmin>
			<ymin>85</ymin>
			<xmax>97</xmax>
			<ymax>96</ymax>
		</bndbox>
	</object>
</annotation>
