<annotation>
	<folder>Cropped</folder>
	<filename>181.jpg</filename>
	<path>C:\Users\billk\Desktop\to_annotate\Cropped\181.jpg</path>
	<source>
		<database>Unknown</database>
	</source>
	<size>
		<width>232</width>
		<height>232</height>
		<depth>3</depth>
	</size>
	<segmented>0</segmented>
	<object>
		<name>1</name>
		<pose>Unspecified</pose>
		<truncated>0</truncated>
		<difficult>0</difficult>
		<bndbox>
			<xmin>26</xmin>
			<ymin>96</ymin>
			<xmax>77</xmax>
			<ymax>124</ymax>
		</bndbox>
	</object>
	<object>
		<name>1</name>
		<pose>Unspecified</pose>
		<truncated>0</truncated>
		<difficult>0</difficult>
		<bndbox>
			<xmin>173</xmin>
			<ymin>190</ymin>
			<xmax>194</xmax>
			<ymax>221</ymax>
		</bndbox>
	</object>
</annotation>
