<annotation>
	<folder>40x</folder>
	<filename>22.jpg</filename>
	<path>C:\Users\billk\Desktop\to_annotate\40x\22.jpg</path>
	<source>
		<database>Unknown</database>
	</source>
	<size>
		<width>960</width>
		<height>960</height>
		<depth>3</depth>
	</size>
	<segmented>0</segmented>
	<object>
		<name>1</name>
		<pose>Unspecified</pose>
		<truncated>0</truncated>
		<difficult>0</difficult>
		<bndbox>
			<xmin>526</xmin>
			<ymin>463</ymin>
			<xmax>556</xmax>
			<ymax>570</ymax>
		</bndbox>
	</object>
</annotation>
