<annotation>
	<folder>40x</folder>
	<filename>29.jpg</filename>
	<path>C:\Users\billk\Desktop\to_annotate\40x\29.jpg</path>
	<source>
		<database>Unknown</database>
	</source>
	<size>
		<width>960</width>
		<height>960</height>
		<depth>3</depth>
	</size>
	<segmented>0</segmented>
	<object>
		<name>1</name>
		<pose>Unspecified</pose>
		<truncated>0</truncated>
		<difficult>0</difficult>
		<bndbox>
			<xmin>211</xmin>
			<ymin>442</ymin>
			<xmax>243</xmax>
			<ymax>519</ymax>
		</bndbox>
	</object>
	<object>
		<name>1</name>
		<pose>Unspecified</pose>
		<truncated>0</truncated>
		<difficult>0</difficult>
		<bndbox>
			<xmin>469</xmin>
			<ymin>460</ymin>
			<xmax>509</xmax>
			<ymax>539</ymax>
		</bndbox>
	</object>
</annotation>
