<annotation>
	<folder>40x</folder>
	<filename>30.jpg</filename>
	<path>C:\Users\billk\Desktop\to_annotate\40x\30.jpg</path>
	<source>
		<database>Unknown</database>
	</source>
	<size>
		<width>960</width>
		<height>960</height>
		<depth>3</depth>
	</size>
	<segmented>0</segmented>
	<object>
		<name>1</name>
		<pose>Unspecified</pose>
		<truncated>0</truncated>
		<difficult>0</difficult>
		<bndbox>
			<xmin>214</xmin>
			<ymin>440</ymin>
			<xmax>242</xmax>
			<ymax>515</ymax>
		</bndbox>
	</object>
	<object>
		<name>1</name>
		<pose>Unspecified</pose>
		<truncated>0</truncated>
		<difficult>0</difficult>
		<bndbox>
			<xmin>475</xmin>
			<ymin>460</ymin>
			<xmax>511</xmax>
			<ymax>536</ymax>
		</bndbox>
	</object>
</annotation>
