<annotation>
	<folder>40x</folder>
	<filename>34.jpg</filename>
	<path>C:\Users\billk\Desktop\to_annotate\40x\34.jpg</path>
	<source>
		<database>Unknown</database>
	</source>
	<size>
		<width>960</width>
		<height>960</height>
		<depth>3</depth>
	</size>
	<segmented>0</segmented>
	<object>
		<name>1</name>
		<pose>Unspecified</pose>
		<truncated>0</truncated>
		<difficult>0</difficult>
		<bndbox>
			<xmin>523</xmin>
			<ymin>492</ymin>
			<xmax>614</xmax>
			<ymax>519</ymax>
		</bndbox>
	</object>
</annotation>
