<annotation>
	<folder>40x</folder>
	<filename>41.jpg</filename>
	<path>C:\Users\billk\Desktop\to_annotate\40x\41.jpg</path>
	<source>
		<database>Unknown</database>
	</source>
	<size>
		<width>960</width>
		<height>960</height>
		<depth>3</depth>
	</size>
	<segmented>0</segmented>
	<object>
		<name>1</name>
		<pose>Unspecified</pose>
		<truncated>0</truncated>
		<difficult>0</difficult>
		<bndbox>
			<xmin>487</xmin>
			<ymin>540</ymin>
			<xmax>645</xmax>
			<ymax>595</ymax>
		</bndbox>
	</object>
	<object>
		<name>1</name>
		<pose>Unspecified</pose>
		<truncated>1</truncated>
		<difficult>0</difficult>
		<bndbox>
			<xmin>17</xmin>
			<ymin>923</ymin>
			<xmax>161</xmax>
			<ymax>960</ymax>
		</bndbox>
	</object>
</annotation>
