<annotation>
	<folder>40x</folder>
	<filename>70.jpg</filename>
	<path>C:\Users\billk\Desktop\to_annotate\40x\70.jpg</path>
	<source>
		<database>Unknown</database>
	</source>
	<size>
		<width>960</width>
		<height>960</height>
		<depth>3</depth>
	</size>
	<segmented>0</segmented>
	<object>
		<name>1</name>
		<pose>Unspecified</pose>
		<truncated>0</truncated>
		<difficult>0</difficult>
		<bndbox>
			<xmin>201</xmin>
			<ymin>695</ymin>
			<xmax>285</xmax>
			<ymax>733</ymax>
		</bndbox>
	</object>
	<object>
		<name>1</name>
		<pose>Unspecified</pose>
		<truncated>0</truncated>
		<difficult>0</difficult>
		<bndbox>
			<xmin>346</xmin>
			<ymin>796</ymin>
			<xmax>427</xmax>
			<ymax>826</ymax>
		</bndbox>
	</object>
	<object>
		<name>1</name>
		<pose>Unspecified</pose>
		<truncated>0</truncated>
		<difficult>0</difficult>
		<bndbox>
			<xmin>467</xmin>
			<ymin>484</ymin>
			<xmax>513</xmax>
			<ymax>547</ymax>
		</bndbox>
	</object>
</annotation>
