<annotation>
	<folder>40x</folder>
	<filename>76.jpg</filename>
	<path>C:\Users\billk\Desktop\to_annotate\40x\76.jpg</path>
	<source>
		<database>Unknown</database>
	</source>
	<size>
		<width>960</width>
		<height>960</height>
		<depth>3</depth>
	</size>
	<segmented>0</segmented>
	<object>
		<name>1</name>
		<pose>Unspecified</pose>
		<truncated>0</truncated>
		<difficult>0</difficult>
		<bndbox>
			<xmin>415</xmin>
			<ymin>439</ymin>
			<xmax>488</xmax>
			<ymax>475</ymax>
		</bndbox>
	</object>
	<object>
		<name>1</name>
		<pose>Unspecified</pose>
		<truncated>0</truncated>
		<difficult>0</difficult>
		<bndbox>
			<xmin>714</xmin>
			<ymin>162</ymin>
			<xmax>794</xmax>
			<ymax>185</ymax>
		</bndbox>
	</object>
</annotation>
