<annotation>
	<folder>40x</folder>
	<filename>77.jpg</filename>
	<path>C:\Users\billk\Desktop\to_annotate\40x\77.jpg</path>
	<source>
		<database>Unknown</database>
	</source>
	<size>
		<width>960</width>
		<height>960</height>
		<depth>3</depth>
	</size>
	<segmented>0</segmented>
	<object>
		<name>1</name>
		<pose>Unspecified</pose>
		<truncated>0</truncated>
		<difficult>0</difficult>
		<bndbox>
			<xmin>414</xmin>
			<ymin>437</ymin>
			<xmax>491</xmax>
			<ymax>496</ymax>
		</bndbox>
	</object>
	<object>
		<name>1</name>
		<pose>Unspecified</pose>
		<truncated>1</truncated>
		<difficult>0</difficult>
		<bndbox>
			<xmin>520</xmin>
			<ymin>926</ymin>
			<xmax>579</xmax>
			<ymax>960</ymax>
		</bndbox>
	</object>
</annotation>
