<annotation>
	<folder>10x</folder>
	<filename>7b.jpg</filename>
	<path>C:\Users\billk\Desktop\to_annotate\10x\7b.jpg</path>
	<source>
		<database>Unknown</database>
	</source>
	<size>
		<width>73</width>
		<height>73</height>
		<depth>3</depth>
	</size>
	<segmented>0</segmented>
	<object>
		<name>3</name>
		<pose>Unspecified</pose>
		<truncated>0</truncated>
		<difficult>0</difficult>
		<bndbox>
			<xmin>3</xmin>
			<ymin>24</ymin>
			<xmax>22</xmax>
			<ymax>44</ymax>
		</bndbox>
	</object>
	<object>
		<name>3</name>
		<pose>Unspecified</pose>
		<truncated>0</truncated>
		<difficult>0</difficult>
		<bndbox>
			<xmin>42</xmin>
			<ymin>55</ymin>
			<xmax>56</xmax>
			<ymax>70</ymax>
		</bndbox>
	</object>
	<object>
		<name>3</name>
		<pose>Unspecified</pose>
		<truncated>0</truncated>
		<difficult>0</difficult>
		<bndbox>
			<xmin>52</xmin>
			<ymin>46</ymin>
			<xmax>72</xmax>
			<ymax>58</ymax>
		</bndbox>
	</object>
</annotation>
