<annotation>
	<folder>Downloaded</folder>
	<filename>a11.jpg</filename>
	<path>C:\Users\billk\Desktop\to_annotate\Downloaded\a11.jpg</path>
	<source>
		<database>Unknown</database>
	</source>
	<size>
		<width>591</width>
		<height>592</height>
		<depth>3</depth>
	</size>
	<segmented>0</segmented>
	<object>
		<name>1</name>
		<pose>Unspecified</pose>
		<truncated>0</truncated>
		<difficult>0</difficult>
		<bndbox>
			<xmin>356</xmin>
			<ymin>79</ymin>
			<xmax>482</xmax>
			<ymax>187</ymax>
		</bndbox>
	</object>
	<object>
		<name>1</name>
		<pose>Unspecified</pose>
		<truncated>1</truncated>
		<difficult>0</difficult>
		<bndbox>
			<xmin>50</xmin>
			<ymin>1</ymin>
			<xmax>142</xmax>
			<ymax>126</ymax>
		</bndbox>
	</object>
	<object>
		<name>1</name>
		<pose>Unspecified</pose>
		<truncated>0</truncated>
		<difficult>0</difficult>
		<bndbox>
			<xmin>238</xmin>
			<ymin>469</ymin>
			<xmax>374</xmax>
			<ymax>584</ymax>
		</bndbox>
	</object>
</annotation>
