<annotation>
	<folder>Downloaded</folder>
	<filename>a15.jpg</filename>
	<path>C:\Users\billk\Desktop\to_annotate\Downloaded\a15.jpg</path>
	<source>
		<database>Unknown</database>
	</source>
	<size>
		<width>351</width>
		<height>333</height>
		<depth>1</depth>
	</size>
	<segmented>0</segmented>
	<object>
		<name>1</name>
		<pose>Unspecified</pose>
		<truncated>0</truncated>
		<difficult>0</difficult>
		<bndbox>
			<xmin>233</xmin>
			<ymin>135</ymin>
			<xmax>283</xmax>
			<ymax>164</ymax>
		</bndbox>
	</object>
	<object>
		<name>1</name>
		<pose>Unspecified</pose>
		<truncated>0</truncated>
		<difficult>0</difficult>
		<bndbox>
			<xmin>157</xmin>
			<ymin>16</ymin>
			<xmax>207</xmax>
			<ymax>64</ymax>
		</bndbox>
	</object>
</annotation>
