<annotation>
	<folder>Downloaded</folder>
	<filename>a18.jpg</filename>
	<path>C:\Users\billk\Desktop\to_annotate\Downloaded\a18.jpg</path>
	<source>
		<database>Unknown</database>
	</source>
	<size>
		<width>459</width>
		<height>459</height>
		<depth>3</depth>
	</size>
	<segmented>0</segmented>
	<object>
		<name>1</name>
		<pose>Unspecified</pose>
		<truncated>0</truncated>
		<difficult>0</difficult>
		<bndbox>
			<xmin>279</xmin>
			<ymin>199</ymin>
			<xmax>361</xmax>
			<ymax>299</ymax>
		</bndbox>
	</object>
</annotation>
