<annotation>
	<folder>Downloaded</folder>
	<filename>a21.jpg</filename>
	<path>C:\Users\billk\Desktop\to_annotate\Downloaded\a21.jpg</path>
	<source>
		<database>Unknown</database>
	</source>
	<size>
		<width>316</width>
		<height>316</height>
		<depth>3</depth>
	</size>
	<segmented>0</segmented>
	<object>
		<name>1</name>
		<pose>Unspecified</pose>
		<truncated>0</truncated>
		<difficult>0</difficult>
		<bndbox>
			<xmin>205</xmin>
			<ymin>199</ymin>
			<xmax>290</xmax>
			<ymax>260</ymax>
		</bndbox>
	</object>
	<object>
		<name>1</name>
		<pose>Unspecified</pose>
		<truncated>0</truncated>
		<difficult>0</difficult>
		<bndbox>
			<xmin>131</xmin>
			<ymin>173</ymin>
			<xmax>205</xmax>
			<ymax>210</ymax>
		</bndbox>
	</object>
	<object>
		<name>1</name>
		<pose>Unspecified</pose>
		<truncated>0</truncated>
		<difficult>0</difficult>
		<bndbox>
			<xmin>24</xmin>
			<ymin>115</ymin>
			<xmax>131</xmax>
			<ymax>177</ymax>
		</bndbox>
	</object>
</annotation>
