<annotation>
	<folder>Downloaded</folder>
	<filename>a8.jpg</filename>
	<path>C:\Users\billk\Desktop\to_annotate\Downloaded\a8.jpg</path>
	<source>
		<database>Unknown</database>
	</source>
	<size>
		<width>185</width>
		<height>185</height>
		<depth>3</depth>
	</size>
	<segmented>0</segmented>
	<object>
		<name>1</name>
		<pose>Unspecified</pose>
		<truncated>0</truncated>
		<difficult>0</difficult>
		<bndbox>
			<xmin>35</xmin>
			<ymin>86</ymin>
			<xmax>101</xmax>
			<ymax>122</ymax>
		</bndbox>
	</object>
</annotation>
