<annotation>
	<folder>40x</folder>
	<filename>104.jpg</filename>
	<path>C:\Users\billk\Desktop\to_annotate\40x\104.jpg</path>
	<source>
		<database>Unknown</database>
	</source>
	<size>
		<width>960</width>
		<height>960</height>
		<depth>3</depth>
	</size>
	<segmented>0</segmented>
	<object>
		<name>1</name>
		<pose>Unspecified</pose>
		<truncated>0</truncated>
		<difficult>0</difficult>
		<bndbox>
			<xmin>424</xmin>
			<ymin>440</ymin>
			<xmax>458</xmax>
			<ymax>526</ymax>
		</bndbox>
	</object>
	<object>
		<name>2</name>
		<pose>Unspecified</pose>
		<truncated>1</truncated>
		<difficult>0</difficult>
		<bndbox>
			<xmin>96</xmin>
			<ymin>1</ymin>
			<xmax>136</xmax>
			<ymax>78</ymax>
		</bndbox>
	</object>
</annotation>
