<annotation verified="yes">
	<folder>10x</folder>
	<filename>10b.jpg</filename>
	<path>C:\Users\billk\Desktop\to_annotate\10x\10b.jpg</path>
	<source>
		<database>Unknown</database>
	</source>
	<size>
		<width>125</width>
		<height>125</height>
		<depth>3</depth>
	</size>
	<segmented>0</segmented>
	<object>
		<name>3</name>
		<pose>Unspecified</pose>
		<truncated>1</truncated>
		<difficult>0</difficult>
		<bndbox>
			<xmin>16</xmin>
			<ymin>1</ymin>
			<xmax>34</xmax>
			<ymax>20</ymax>
		</bndbox>
	</object>
	<object>
		<name>3</name>
		<pose>Unspecified</pose>
		<truncated>0</truncated>
		<difficult>0</difficult>
		<bndbox>
			<xmin>10</xmin>
			<ymin>80</ymin>
			<xmax>37</xmax>
			<ymax>108</ymax>
		</bndbox>
	</object>
	<object>
		<name>3</name>
		<pose>Unspecified</pose>
		<truncated>0</truncated>
		<difficult>0</difficult>
		<bndbox>
			<xmin>86</xmin>
			<ymin>98</ymin>
			<xmax>107</xmax>
			<ymax>121</ymax>
		</bndbox>
	</object>
</annotation>
