<annotation>
	<folder>40x</folder>
	<filename>11.jpg</filename>
	<path>C:\Users\billk\Desktop\to_annotate\40x\11.jpg</path>
	<source>
		<database>Unknown</database>
	</source>
	<size>
		<width>960</width>
		<height>960</height>
		<depth>3</depth>
	</size>
	<segmented>0</segmented>
	<object>
		<name>1</name>
		<pose>Unspecified</pose>
		<truncated>0</truncated>
		<difficult>0</difficult>
		<bndbox>
			<xmin>481</xmin>
			<ymin>365</ymin>
			<xmax>509</xmax>
			<ymax>434</ymax>
		</bndbox>
	</object>
	<object>
		<name>1</name>
		<pose>Unspecified</pose>
		<truncated>0</truncated>
		<difficult>0</difficult>
		<bndbox>
			<xmin>699</xmin>
			<ymin>550</ymin>
			<xmax>734</xmax>
			<ymax>626</ymax>
		</bndbox>
	</object>
</annotation>
