<annotation>
	<folder>Cropped</folder>
	<filename>112.jpg</filename>
	<path>C:\Users\billk\Desktop\to_annotate\Cropped\112.jpg</path>
	<source>
		<database>Unknown</database>
	</source>
	<size>
		<width>467</width>
		<height>467</height>
		<depth>3</depth>
	</size>
	<segmented>0</segmented>
	<object>
		<name>1</name>
		<pose>Unspecified</pose>
		<truncated>0</truncated>
		<difficult>0</difficult>
		<bndbox>
			<xmin>220</xmin>
			<ymin>279</ymin>
			<xmax>271</xmax>
			<ymax>313</ymax>
		</bndbox>
	</object>
</annotation>
