<annotation>
	<folder>Cropped</folder>
	<filename>115.jpg</filename>
	<path>C:\Users\billk\Desktop\to_annotate\Cropped\115.jpg</path>
	<source>
		<database>Unknown</database>
	</source>
	<size>
		<width>244</width>
		<height>245</height>
		<depth>3</depth>
	</size>
	<segmented>0</segmented>
	<object>
		<name>1</name>
		<pose>Unspecified</pose>
		<truncated>0</truncated>
		<difficult>0</difficult>
		<bndbox>
			<xmin>27</xmin>
			<ymin>65</ymin>
			<xmax>60</xmax>
			<ymax>161</ymax>
		</bndbox>
	</object>
	<object>
		<name>1</name>
		<pose>Unspecified</pose>
		<truncated>0</truncated>
		<difficult>0</difficult>
		<bndbox>
			<xmin>61</xmin>
			<ymin>55</ymin>
			<xmax>92</xmax>
			<ymax>94</ymax>
		</bndbox>
	</object>
	<object>
		<name>1</name>
		<pose>Unspecified</pose>
		<truncated>0</truncated>
		<difficult>0</difficult>
		<bndbox>
			<xmin>115</xmin>
			<ymin>27</ymin>
			<xmax>172</xmax>
			<ymax>103</ymax>
		</bndbox>
	</object>
</annotation>
