<annotation>
	<folder>Cropped</folder>
	<filename>121.jpg</filename>
	<path>C:\Users\billk\Desktop\to_annotate\Cropped\121.jpg</path>
	<source>
		<database>Unknown</database>
	</source>
	<size>
		<width>615</width>
		<height>614</height>
		<depth>3</depth>
	</size>
	<segmented>0</segmented>
	<object>
		<name>1</name>
		<pose>Unspecified</pose>
		<truncated>0</truncated>
		<difficult>0</difficult>
		<bndbox>
			<xmin>292</xmin>
			<ymin>99</ymin>
			<xmax>333</xmax>
			<ymax>171</ymax>
		</bndbox>
	</object>
	<object>
		<name>1</name>
		<pose>Unspecified</pose>
		<truncated>0</truncated>
		<difficult>0</difficult>
		<bndbox>
			<xmin>56</xmin>
			<ymin>375</ymin>
			<xmax>127</xmax>
			<ymax>440</ymax>
		</bndbox>
	</object>
	<object>
		<name>1</name>
		<pose>Unspecified</pose>
		<truncated>0</truncated>
		<difficult>0</difficult>
		<bndbox>
			<xmin>139</xmin>
			<ymin>579</ymin>
			<xmax>196</xmax>
			<ymax>607</ymax>
		</bndbox>
	</object>
	<object>
		<name>1</name>
		<pose>Unspecified</pose>
		<truncated>0</truncated>
		<difficult>0</difficult>
		<bndbox>
			<xmin>108</xmin>
			<ymin>552</ymin>
			<xmax>143</xmax>
			<ymax>593</ymax>
		</bndbox>
	</object>
	<object>
		<name>1</name>
		<pose>Unspecified</pose>
		<truncated>0</truncated>
		<difficult>0</difficult>
		<bndbox>
			<xmin>433</xmin>
			<ymin>482</ymin>
			<xmax>492</xmax>
			<ymax>506</ymax>
		</bndbox>
	</object>
</annotation>
