<annotation>
	<folder>40x</folder>
	<filename>125.jpg</filename>
	<path>C:\Users\billk\Desktop\to_annotate\40x\125.jpg</path>
	<source>
		<database>Unknown</database>
	</source>
	<size>
		<width>960</width>
		<height>960</height>
		<depth>3</depth>
	</size>
	<segmented>0</segmented>
	<object>
		<name>1</name>
		<pose>Unspecified</pose>
		<truncated>0</truncated>
		<difficult>0</difficult>
		<bndbox>
			<xmin>49</xmin>
			<ymin>705</ymin>
			<xmax>82</xmax>
			<ymax>788</ymax>
		</bndbox>
	</object>
	<object>
		<name>1</name>
		<pose>Unspecified</pose>
		<truncated>0</truncated>
		<difficult>0</difficult>
		<bndbox>
			<xmin>486</xmin>
			<ymin>495</ymin>
			<xmax>561</xmax>
			<ymax>563</ymax>
		</bndbox>
	</object>
	<object>
		<name>1</name>
		<pose>Unspecified</pose>
		<truncated>0</truncated>
		<difficult>0</difficult>
		<bndbox>
			<xmin>693</xmin>
			<ymin>682</ymin>
			<xmax>772</xmax>
			<ymax>719</ymax>
		</bndbox>
	</object>
</annotation>
