<annotation verified="yes">
	<folder>10x</folder>
	<filename>14b.jpg</filename>
	<path>C:\Users\billk\Desktop\to_annotate\10x\14b.jpg</path>
	<source>
		<database>Unknown</database>
	</source>
	<size>
		<width>106</width>
		<height>106</height>
		<depth>3</depth>
	</size>
	<segmented>0</segmented>
	<object>
		<name>3</name>
		<pose>Unspecified</pose>
		<truncated>0</truncated>
		<difficult>0</difficult>
		<bndbox>
			<xmin>4</xmin>
			<ymin>46</ymin>
			<xmax>27</xmax>
			<ymax>59</ymax>
		</bndbox>
	</object>
	<object>
		<name>3</name>
		<pose>Unspecified</pose>
		<truncated>0</truncated>
		<difficult>0</difficult>
		<bndbox>
			<xmin>60</xmin>
			<ymin>39</ymin>
			<xmax>80</xmax>
			<ymax>49</ymax>
		</bndbox>
	</object>
	<object>
		<name>3</name>
		<pose>Unspecified</pose>
		<truncated>0</truncated>
		<difficult>0</difficult>
		<bndbox>
			<xmin>51</xmin>
			<ymin>93</ymin>
			<xmax>74</xmax>
			<ymax>104</ymax>
		</bndbox>
	</object>
	<object>
		<name>3</name>
		<pose>Unspecified</pose>
		<truncated>0</truncated>
		<difficult>0</difficult>
		<bndbox>
			<xmin>11</xmin>
			<ymin>93</ymin>
			<xmax>30</xmax>
			<ymax>104</ymax>
		</bndbox>
	</object>
</annotation>
