<annotation>
	<folder>10x</folder>
	<filename>16b.jpg</filename>
	<path>C:\Users\billk\Desktop\to_annotate\10x\16b.jpg</path>
	<source>
		<database>Unknown</database>
	</source>
	<size>
		<width>114</width>
		<height>113</height>
		<depth>3</depth>
	</size>
	<segmented>0</segmented>
	<object>
		<name>3</name>
		<pose>Unspecified</pose>
		<truncated>0</truncated>
		<difficult>0</difficult>
		<bndbox>
			<xmin>20</xmin>
			<ymin>15</ymin>
			<xmax>44</xmax>
			<ymax>27</ymax>
		</bndbox>
	</object>
	<object>
		<name>3</name>
		<pose>Unspecified</pose>
		<truncated>0</truncated>
		<difficult>0</difficult>
		<bndbox>
			<xmin>32</xmin>
			<ymin>73</ymin>
			<xmax>56</xmax>
			<ymax>87</ymax>
		</bndbox>
	</object>
	<object>
		<name>3</name>
		<pose>Unspecified</pose>
		<truncated>0</truncated>
		<difficult>0</difficult>
		<bndbox>
			<xmin>61</xmin>
			<ymin>77</ymin>
			<xmax>78</xmax>
			<ymax>90</ymax>
		</bndbox>
	</object>
	<object>
		<name>3</name>
		<pose>Unspecified</pose>
		<truncated>0</truncated>
		<difficult>0</difficult>
		<bndbox>
			<xmin>59</xmin>
			<ymin>93</ymin>
			<xmax>77</xmax>
			<ymax>105</ymax>
		</bndbox>
	</object>
</annotation>
