<annotation>
	<folder>10x</folder>
	<filename>18b.jpg</filename>
	<path>C:\Users\billk\Desktop\to_annotate\10x\18b.jpg</path>
	<source>
		<database>Unknown</database>
	</source>
	<size>
		<width>138</width>
		<height>138</height>
		<depth>3</depth>
	</size>
	<segmented>0</segmented>
	<object>
		<name>3</name>
		<pose>Unspecified</pose>
		<truncated>0</truncated>
		<difficult>0</difficult>
		<bndbox>
			<xmin>4</xmin>
			<ymin>53</ymin>
			<xmax>40</xmax>
			<ymax>69</ymax>
		</bndbox>
	</object>
	<object>
		<name>3</name>
		<pose>Unspecified</pose>
		<truncated>0</truncated>
		<difficult>0</difficult>
		<bndbox>
			<xmin>49</xmin>
			<ymin>67</ymin>
			<xmax>62</xmax>
			<ymax>81</ymax>
		</bndbox>
	</object>
	<object>
		<name>3</name>
		<pose>Unspecified</pose>
		<truncated>0</truncated>
		<difficult>0</difficult>
		<bndbox>
			<xmin>86</xmin>
			<ymin>7</ymin>
			<xmax>118</xmax>
			<ymax>33</ymax>
		</bndbox>
	</object>
	<object>
		<name>3</name>
		<pose>Unspecified</pose>
		<truncated>0</truncated>
		<difficult>0</difficult>
		<bndbox>
			<xmin>71</xmin>
			<ymin>18</ymin>
			<xmax>81</xmax>
			<ymax>34</ymax>
		</bndbox>
	</object>
</annotation>
