<annotation>
	<folder>10x</folder>
	<filename>1b.jpg</filename>
	<path>C:\Users\billk\Desktop\to_annotate\10x\1b.jpg</path>
	<source>
		<database>Unknown</database>
	</source>
	<size>
		<width>109</width>
		<height>109</height>
		<depth>3</depth>
	</size>
	<segmented>0</segmented>
	<object>
		<name>3</name>
		<pose>Unspecified</pose>
		<truncated>0</truncated>
		<difficult>0</difficult>
		<bndbox>
			<xmin>3</xmin>
			<ymin>44</ymin>
			<xmax>25</xmax>
			<ymax>71</ymax>
		</bndbox>
	</object>
	<object>
		<name>3</name>
		<pose>Unspecified</pose>
		<truncated>0</truncated>
		<difficult>0</difficult>
		<bndbox>
			<xmin>82</xmin>
			<ymin>67</ymin>
			<xmax>96</xmax>
			<ymax>84</ymax>
		</bndbox>
	</object>
	<object>
		<name>3</name>
		<pose>Unspecified</pose>
		<truncated>0</truncated>
		<difficult>0</difficult>
		<bndbox>
			<xmin>81</xmin>
			<ymin>88</ymin>
			<xmax>104</xmax>
			<ymax>102</ymax>
		</bndbox>
	</object>
	<object>
		<name>3</name>
		<pose>Unspecified</pose>
		<truncated>0</truncated>
		<difficult>0</difficult>
		<bndbox>
			<xmin>23</xmin>
			<ymin>93</ymin>
			<xmax>42</xmax>
			<ymax>103</ymax>
		</bndbox>
	</object>
</annotation>
