<annotation>
	<folder>40x</folder>
	<filename>31.jpg</filename>
	<path>C:\Users\billk\Desktop\to_annotate\40x\31.jpg</path>
	<source>
		<database>Unknown</database>
	</source>
	<size>
		<width>960</width>
		<height>960</height>
		<depth>3</depth>
	</size>
	<segmented>0</segmented>
	<object>
		<name>1</name>
		<pose>Unspecified</pose>
		<truncated>0</truncated>
		<difficult>0</difficult>
		<bndbox>
			<xmin>482</xmin>
			<ymin>459</ymin>
			<xmax>511</xmax>
			<ymax>529</ymax>
		</bndbox>
	</object>
	<object>
		<name>1</name>
		<pose>Unspecified</pose>
		<truncated>0</truncated>
		<difficult>0</difficult>
		<bndbox>
			<xmin>722</xmin>
			<ymin>479</ymin>
			<xmax>776</xmax>
			<ymax>564</ymax>
		</bndbox>
	</object>
</annotation>
