<annotation>
	<folder>10x</folder>
	<filename>4b.jpg</filename>
	<path>C:\Users\billk\Desktop\to_annotate\10x\4b.jpg</path>
	<source>
		<database>Unknown</database>
	</source>
	<size>
		<width>115</width>
		<height>115</height>
		<depth>3</depth>
	</size>
	<segmented>0</segmented>
	<object>
		<name>3</name>
		<pose>Unspecified</pose>
		<truncated>0</truncated>
		<difficult>0</difficult>
		<bndbox>
			<xmin>2</xmin>
			<ymin>37</ymin>
			<xmax>31</xmax>
			<ymax>56</ymax>
		</bndbox>
	</object>
	<object>
		<name>3</name>
		<pose>Unspecified</pose>
		<truncated>0</truncated>
		<difficult>0</difficult>
		<bndbox>
			<xmin>10</xmin>
			<ymin>55</ymin>
			<xmax>44</xmax>
			<ymax>71</ymax>
		</bndbox>
	</object>
	<object>
		<name>3</name>
		<pose>Unspecified</pose>
		<truncated>0</truncated>
		<difficult>0</difficult>
		<bndbox>
			<xmin>53</xmin>
			<ymin>6</ymin>
			<xmax>74</xmax>
			<ymax>20</ymax>
		</bndbox>
	</object>
	<object>
		<name>3</name>
		<pose>Unspecified</pose>
		<truncated>0</truncated>
		<difficult>0</difficult>
		<bndbox>
			<xmin>94</xmin>
			<ymin>36</ymin>
			<xmax>114</xmax>
			<ymax>55</ymax>
		</bndbox>
	</object>
</annotation>
