<annotation>
	<folder>40x</folder>
	<filename>75.jpg</filename>
	<path>C:\Users\billk\Desktop\to_annotate\40x\75.jpg</path>
	<source>
		<database>Unknown</database>
	</source>
	<size>
		<width>960</width>
		<height>960</height>
		<depth>3</depth>
	</size>
	<segmented>0</segmented>
	<object>
		<name>1</name>
		<pose>Unspecified</pose>
		<truncated>0</truncated>
		<difficult>0</difficult>
		<bndbox>
			<xmin>412</xmin>
			<ymin>439</ymin>
			<xmax>483</xmax>
			<ymax>481</ymax>
		</bndbox>
	</object>
	<object>
		<name>1</name>
		<pose>Unspecified</pose>
		<truncated>0</truncated>
		<difficult>0</difficult>
		<bndbox>
			<xmin>690</xmin>
			<ymin>157</ymin>
			<xmax>770</xmax>
			<ymax>186</ymax>
		</bndbox>
	</object>
</annotation>
