<annotation>
	<folder>40x</folder>
	<filename>87.jpg</filename>
	<path>C:\Users\billk\Desktop\to_annotate\40x\87.jpg</path>
	<source>
		<database>Unknown</database>
	</source>
	<size>
		<width>960</width>
		<height>960</height>
		<depth>3</depth>
	</size>
	<segmented>0</segmented>
	<object>
		<name>1</name>
		<pose>Unspecified</pose>
		<truncated>0</truncated>
		<difficult>0</difficult>
		<bndbox>
			<xmin>503</xmin>
			<ymin>583</ymin>
			<xmax>572</xmax>
			<ymax>629</ymax>
		</bndbox>
	</object>
	<object>
		<name>1</name>
		<pose>Unspecified</pose>
		<truncated>0</truncated>
		<difficult>0</difficult>
		<bndbox>
			<xmin>415</xmin>
			<ymin>597</ymin>
			<xmax>551</xmax>
			<ymax>636</ymax>
		</bndbox>
	</object>
	<object>
		<name>1</name>
		<pose>Unspecified</pose>
		<truncated>0</truncated>
		<difficult>0</difficult>
		<bndbox>
			<xmin>382</xmin>
			<ymin>470</ymin>
			<xmax>528</xmax>
			<ymax>529</ymax>
		</bndbox>
	</object>
</annotation>
