<annotation>
	<folder>Cropped</folder>
	<filename>96.jpg</filename>
	<path>C:\Users\billk\Desktop\to_annotate\Cropped\96.jpg</path>
	<source>
		<database>Unknown</database>
	</source>
	<size>
		<width>606</width>
		<height>606</height>
		<depth>3</depth>
	</size>
	<segmented>0</segmented>
	<object>
		<name>1</name>
		<pose>Unspecified</pose>
		<truncated>0</truncated>
		<difficult>0</difficult>
		<bndbox>
			<xmin>403</xmin>
			<ymin>506</ymin>
			<xmax>496</xmax>
			<ymax>548</ymax>
		</bndbox>
	</object>
</annotation>
