<annotation>
	<folder>Cropped</folder>
	<filename>97.jpg</filename>
	<path>C:\Users\billk\Desktop\to_annotate\Cropped\97.jpg</path>
	<source>
		<database>Unknown</database>
	</source>
	<size>
		<width>695</width>
		<height>695</height>
		<depth>3</depth>
	</size>
	<segmented>0</segmented>
	<object>
		<name>1</name>
		<pose>Unspecified</pose>
		<truncated>0</truncated>
		<difficult>0</difficult>
		<bndbox>
			<xmin>92</xmin>
			<ymin>101</ymin>
			<xmax>132</xmax>
			<ymax>175</ymax>
		</bndbox>
	</object>
	<object>
		<name>1</name>
		<pose>Unspecified</pose>
		<truncated>0</truncated>
		<difficult>0</difficult>
		<bndbox>
			<xmin>328</xmin>
			<ymin>163</ymin>
			<xmax>412</xmax>
			<ymax>227</ymax>
		</bndbox>
	</object>
	<object>
		<name>1</name>
		<pose>Unspecified</pose>
		<truncated>0</truncated>
		<difficult>0</difficult>
		<bndbox>
			<xmin>438</xmin>
			<ymin>635</ymin>
			<xmax>523</xmax>
			<ymax>667</ymax>
		</bndbox>
	</object>
</annotation>
