<annotation>
	<folder>Downloaded</folder>
	<filename>a10.jpg</filename>
	<path>C:\Users\billk\Desktop\to_annotate\Downloaded\a10.jpg</path>
	<source>
		<database>Unknown</database>
	</source>
	<size>
		<width>670</width>
		<height>670</height>
		<depth>3</depth>
	</size>
	<segmented>0</segmented>
	<object>
		<name>1</name>
		<pose>Unspecified</pose>
		<truncated>0</truncated>
		<difficult>0</difficult>
		<bndbox>
			<xmin>307</xmin>
			<ymin>194</ymin>
			<xmax>423</xmax>
			<ymax>466</ymax>
		</bndbox>
	</object>
</annotation>
