<annotation>
	<folder>Downloaded</folder>
	<filename>a16.jpg</filename>
	<path>C:\Users\billk\Desktop\to_annotate\Downloaded\a16.jpg</path>
	<source>
		<database>Unknown</database>
	</source>
	<size>
		<width>305</width>
		<height>305</height>
		<depth>3</depth>
	</size>
	<segmented>0</segmented>
	<object>
		<name>1</name>
		<pose>Unspecified</pose>
		<truncated>0</truncated>
		<difficult>0</difficult>
		<bndbox>
			<xmin>198</xmin>
			<ymin>198</ymin>
			<xmax>259</xmax>
			<ymax>218</ymax>
		</bndbox>
	</object>
</annotation>
