<annotation>
	<folder>Downloaded</folder>
	<filename>a17.jpg</filename>
	<path>C:\Users\billk\Desktop\to_annotate\Downloaded\a17.jpg</path>
	<source>
		<database>Unknown</database>
	</source>
	<size>
		<width>294</width>
		<height>295</height>
		<depth>3</depth>
	</size>
	<segmented>0</segmented>
	<object>
		<name>1</name>
		<pose>Unspecified</pose>
		<truncated>0</truncated>
		<difficult>0</difficult>
		<bndbox>
			<xmin>229</xmin>
			<ymin>234</ymin>
			<xmax>279</xmax>
			<ymax>250</ymax>
		</bndbox>
	</object>
</annotation>
