<annotation>
	<folder>Downloaded</folder>
	<filename>a19.jpg</filename>
	<path>C:\Users\billk\Desktop\to_annotate\Downloaded\a19.jpg</path>
	<source>
		<database>Unknown</database>
	</source>
	<size>
		<width>211</width>
		<height>210</height>
		<depth>1</depth>
	</size>
	<segmented>0</segmented>
	<object>
		<name>1</name>
		<pose>Unspecified</pose>
		<truncated>0</truncated>
		<difficult>0</difficult>
		<bndbox>
			<xmin>142</xmin>
			<ymin>175</ymin>
			<xmax>204</xmax>
			<ymax>195</ymax>
		</bndbox>
	</object>
	<object>
		<name>1</name>
		<pose>Unspecified</pose>
		<truncated>0</truncated>
		<difficult>0</difficult>
		<bndbox>
			<xmin>62</xmin>
			<ymin>102</ymin>
			<xmax>106</xmax>
			<ymax>136</ymax>
		</bndbox>
	</object>
</annotation>
