<annotation>
	<folder>Downloaded</folder>
	<filename>a5.jpg</filename>
	<path>C:\Users\billk\Desktop\to_annotate\Downloaded\a5.jpg</path>
	<source>
		<database>Unknown</database>
	</source>
	<size>
		<width>118</width>
		<height>117</height>
		<depth>3</depth>
	</size>
	<segmented>0</segmented>
	<object>
		<name>1</name>
		<pose>Unspecified</pose>
		<truncated>0</truncated>
		<difficult>0</difficult>
		<bndbox>
			<xmin>72</xmin>
			<ymin>54</ymin>
			<xmax>117</xmax>
			<ymax>79</ymax>
		</bndbox>
	</object>
	<object>
		<name>1</name>
		<pose>Unspecified</pose>
		<truncated>0</truncated>
		<difficult>0</difficult>
		<bndbox>
			<xmin>40</xmin>
			<ymin>43</ymin>
			<xmax>70</xmax>
			<ymax>61</ymax>
		</bndbox>
	</object>
</annotation>
