<annotation>
	<folder>Downloaded</folder>
	<filename>a7.jpg</filename>
	<path>C:\Users\billk\Desktop\to_annotate\Downloaded\a7.jpg</path>
	<source>
		<database>Unknown</database>
	</source>
	<size>
		<width>154</width>
		<height>154</height>
		<depth>3</depth>
	</size>
	<segmented>0</segmented>
	<object>
		<name>1</name>
		<pose>Unspecified</pose>
		<truncated>0</truncated>
		<difficult>0</difficult>
		<bndbox>
			<xmin>67</xmin>
			<ymin>120</ymin>
			<xmax>85</xmax>
			<ymax>147</ymax>
		</bndbox>
	</object>
	<object>
		<name>1</name>
		<pose>Unspecified</pose>
		<truncated>0</truncated>
		<difficult>0</difficult>
		<bndbox>
			<xmin>47</xmin>
			<ymin>61</ymin>
			<xmax>67</xmax>
			<ymax>88</ymax>
		</bndbox>
	</object>
	<object>
		<name>1</name>
		<pose>Unspecified</pose>
		<truncated>0</truncated>
		<difficult>0</difficult>
		<bndbox>
			<xmin>15</xmin>
			<ymin>3</ymin>
			<xmax>37</xmax>
			<ymax>38</ymax>
		</bndbox>
	</object>
</annotation>
