<annotation>
	<folder>Downloaded</folder>
	<filename>a9.jpg</filename>
	<path>C:\Users\billk\Desktop\to_annotate\Downloaded\a9.jpg</path>
	<source>
		<database>Unknown</database>
	</source>
	<size>
		<width>257</width>
		<height>257</height>
		<depth>3</depth>
	</size>
	<segmented>0</segmented>
	<object>
		<name>1</name>
		<pose>Unspecified</pose>
		<truncated>0</truncated>
		<difficult>0</difficult>
		<bndbox>
			<xmin>106</xmin>
			<ymin>86</ymin>
			<xmax>143</xmax>
			<ymax>160</ymax>
		</bndbox>
	</object>
</annotation>
